{"cameraMode":{"drawMode":0,"name":"Shaded","section":"Shading Mode"},"sceneLighting":false,"audioPlay":false,"sceneViewState":{"showFog":true,"showMaterialUpdate":false,"showSkybox":true,"showFlares":true,"showImageEffects":true,"showParticleSystems":true},"in2DMode":false,"pivot":{"x":-0.21000000834465028,"y":0.3149999976158142,"z":1.596500039100647},"rotation":{"x":-0.037593141198158267,"y":-0.26508545875549319,"z":-0.010343882255256176,"w":0.963441789150238},"size":0.3520245850086212,"orthographic":true}